assessment_url,data1,data2
https://www.shl.com/products/product-catalog/view/apache-hadoop-new/,Description,"Multi-choice test that measures the knowledge of basic concepts of Hadoop, commands, HDFS and MapReduce."
https://www.shl.com/products/product-catalog/view/apache-hadoop-new/,Job levels,"Mid-Professional, Professional Individual Contributor,"
https://www.shl.com/products/product-catalog/view/apache-hadoop-new/,Languages,"English (USA),"
https://www.shl.com/products/product-catalog/view/apache-hadoop-new/,Assessment length,Approximate Completion Time in minutes = 7
https://www.shl.com/products/product-catalog/view/angularjs-new/,Description,"Multi-choice test that measures the knowledge of AngularJS architecture, forms, directives, filters, controllers, routing and testing."
https://www.shl.com/products/product-catalog/view/angularjs-new/,Job levels,"Mid-Professional, Professional Individual Contributor,"
https://www.shl.com/products/product-catalog/view/angularjs-new/,Languages,"English (USA),"
https://www.shl.com/products/product-catalog/view/angularjs-new/,Assessment length,Approximate Completion Time in minutes = 9
https://www.shl.com/products/product-catalog/view/angular-6-new/,Description,"Multi-choice test that measures the knowledge of the basic components and modules of Angular 6 and concepts like data binding, dependency injection, CRUD with HTTP, typescript, routing and navigation."
https://www.shl.com/products/product-catalog/view/angular-6-new/,Job levels,"Mid-Professional, Professional Individual Contributor,"
https://www.shl.com/products/product-catalog/view/angular-6-new/,Languages,"English (USA),"
https://www.shl.com/products/product-catalog/view/angular-6-new/,Assessment length,Approximate Completion Time in minutes = 11
https://www.shl.com/products/product-catalog/view/android-development-new/,Description,"Multi-choice test that measures the knowledge of UI components for an Android device, services and alerts, animation and media apps, application components, security and testing."
https://www.shl.com/products/product-catalog/view/android-development-new/,Job levels,"Mid-Professional, Professional Individual Contributor,"
https://www.shl.com/products/product-catalog/view/android-development-new/,Languages,"English (USA),"
https://www.shl.com/products/product-catalog/view/android-development-new/,Assessment length,Approximate Completion Time in minutes = 7
https://www.shl.com/products/product-catalog/view/amazon-web-services-aws-development-new/,Description,"Multi-choice test that measures the knowledge of AWS delivery process, monitoring, metrics, logging, security, validation and scalability."
https://www.shl.com/products/product-catalog/view/amazon-web-services-aws-development-new/,Job levels,"Mid-Professional, Professional Individual Contributor,"
https://www.shl.com/products/product-catalog/view/amazon-web-services-aws-development-new/,Languages,"English (USA),"
https://www.shl.com/products/product-catalog/view/amazon-web-services-aws-development-new/,Assessment length,Approximate Completion Time in minutes = 6
https://www.shl.com/products/product-catalog/view/ai-skills/,Description,The AI Skills assessment measures the skills that help candidates successfully leverage AI in their work.
https://www.shl.com/products/product-catalog/view/ai-skills/,Job levels,"General Population,"
https://www.shl.com/products/product-catalog/view/ai-skills/,Languages,"English (USA),"
https://www.shl.com/products/product-catalog/view/ai-skills/,Assessment length,Approximate Completion Time in minutes = 16
https://www.shl.com/products/product-catalog/view/agile-testing-new/,Description,"Multi-choice test that measures the knowledge of tools, techniques and processes involved in the Agile testing methodology."
https://www.shl.com/products/product-catalog/view/agile-testing-new/,Job levels,"Mid-Professional, Professional Individual Contributor,"
https://www.shl.com/products/product-catalog/view/agile-testing-new/,Languages,"English (USA),"
https://www.shl.com/products/product-catalog/view/agile-testing-new/,Assessment length,Approximate Completion Time in minutes = 13
https://www.shl.com/products/product-catalog/view/agile-software-development/,Description,"Multi-choice test that measures the knowledge of agile methodology, scrum, feature driven software development, incremental and iterative development and processes involved in agile software development."
https://www.shl.com/products/product-catalog/view/agile-software-development/,Job levels,"Graduate,"
https://www.shl.com/products/product-catalog/view/agile-software-development/,Languages,"English (USA),"
https://www.shl.com/products/product-catalog/view/agile-software-development/,Assessment length,Approximate Completion Time in minutes = 7 minutes
https://www.shl.com/products/product-catalog/view/aerospace-engineering-new/,Description,"Multi-choice test that measures the conceptual knowledge of aerodynamics, aircraft systems and instrumentation, flight dynamics, space dynamics and avionics."
https://www.shl.com/products/product-catalog/view/aerospace-engineering-new/,Job levels,"Graduate, Mid-Professional, Professional Individual Contributor,"
https://www.shl.com/products/product-catalog/view/aerospace-engineering-new/,Languages,"English (USA),"
https://www.shl.com/products/product-catalog/view/aerospace-engineering-new/,Assessment length,Approximate Completion Time in minutes = 10
https://www.shl.com/products/product-catalog/view/aeronautical-engineering-new/,Description,"Multi-choice test that measures the knowledge of flight mechanics, space dynamics, aerodynamics, structures and propulsion."
https://www.shl.com/products/product-catalog/view/aeronautical-engineering-new/,Job levels,"Graduate, Mid-Professional, Professional Individual Contributor,"
https://www.shl.com/products/product-catalog/view/aeronautical-engineering-new/,Languages,"English (USA),"
https://www.shl.com/products/product-catalog/view/aeronautical-engineering-new/,Assessment length,Approximate Completion Time in minutes = 10
https://www.shl.com/products/product-catalog/view/adobe-photoshop-cc/,Description,"The Adobe Photoshop CC test measures knowledge of Adobe Photoshop CC. Designed for experienced users, this test covers the following topics: 3D, Color, File Management, Interface, Layers, Painting and Drawing, Retouch and Enhancements, Selection, Text, and Web."
https://www.shl.com/products/product-catalog/view/adobe-photoshop-cc/,Job levels,"Mid-Professional, Professional Individual Contributor,"
https://www.shl.com/products/product-catalog/view/adobe-photoshop-cc/,Languages,"English (USA),"
https://www.shl.com/products/product-catalog/view/adobe-photoshop-cc/,Assessment length,Approximate Completion Time in minutes = 20
https://www.shl.com/products/product-catalog/view/adobe-experience-manager-new/,Description,"Multi-choice test that measures the knowledge of AEM components, templates, workflows, AEM collections, OSGi services and troubleshooting of AEM projects."
https://www.shl.com/products/product-catalog/view/adobe-experience-manager-new/,Job levels,"Mid-Professional, Professional Individual Contributor,"
https://www.shl.com/products/product-catalog/view/adobe-experience-manager-new/,Languages,"English (USA),"
https://www.shl.com/products/product-catalog/view/adobe-experience-manager-new/,Assessment length,Approximate Completion Time in minutes = 17
https://www.shl.com/products/product-catalog/view/automata-new/,Description,"An AI-powered coding simulation assessment that evaluates candidate’s programming ability. Offers a familiar IDE environment available in over 40 different programming languages and tests candidates using real-world coding problems. 

 

Your use of this assessment product may be subject to New York City Law 144 (Regulation of the Use of Automated Employment Decision Tools) (dated July 5, 2023). Compliance with Law 144 is your responsibility.
Read more on https://www.shl.com/legal/shl-us-regulatory-compliance/"
https://www.shl.com/products/product-catalog/view/automata-new/,Job levels,"Mid-Professional, Professional Individual Contributor,"
https://www.shl.com/products/product-catalog/view/automata-new/,Languages,"English (USA),"
https://www.shl.com/products/product-catalog/view/automata-new/,Assessment length,Approximate Completion Time in minutes = max 45
https://www.shl.com/products/product-catalog/view/automata-sql-new/,Description,"A simulated query writing test that measures the ability to write SQL queries to perform DDL, DML and DCL tasks."
https://www.shl.com/products/product-catalog/view/automata-sql-new/,Job levels,"Mid-Professional, Professional Individual Contributor,"
https://www.shl.com/products/product-catalog/view/automata-sql-new/,Languages,"English (USA),"
https://www.shl.com/products/product-catalog/view/automata-sql-new/,Assessment length,Approximate Completion Time in minutes = max 30
https://www.shl.com/products/product-catalog/view/automata-fix-new/,Description,"A simulated compiler integrated test to measure debugging skills in C, C++ and Java. The test checks the ability to fix logical or syntactical errors and to reuse an existing code.


 

Your use of this assessment product may be subject to New York City Law 144 (Regulation of the Use of Automated Employment Decision Tools) (dated July 5, 2023). Compliance with Law 144 is your responsibility.
Read more on https://www.shl.com/legal/shl-us-regulatory-compliance/"
https://www.shl.com/products/product-catalog/view/automata-fix-new/,Job levels,"Mid-Professional,"
https://www.shl.com/products/product-catalog/view/automata-fix-new/,Languages,"English (USA),"
https://www.shl.com/products/product-catalog/view/automata-fix-new/,Assessment length,Approximate Completion Time in minutes = max 20
https://www.shl.com/products/product-catalog/view/assessment-and-development-center-exercises/,Description,"SHL offers a comprehensive range of Assessment and Development Centre exercise in digital format, for remote assessment through our Virtual Assessment and Development Centre platform.


We offer a wide range of exercise types including group exercise, role plays, analysis presentations and written exercises.


Exercises are available across a wide range of job levels and industry contexts.


Contact SHL to find out more."
https://www.shl.com/products/product-catalog/view/assessment-and-development-center-exercises/,Job levels,"Director, Entry-Level, Executive, Front Line Manager, General Population, Graduate, Manager, Mid-Professional, Professional Individual Contributor, Supervisor,"
https://www.shl.com/products/product-catalog/view/assessment-and-development-center-exercises/,Languages,"English International, English (USA),"
https://www.shl.com/products/product-catalog/view/assessment-and-development-center-exercises/,Assessment length,Approximate Completion Time in minutes = Variable
https://www.shl.com/products/product-catalog/view/asp-net-4-5/,Description,"The ASP.NET 4.5 test measures knowledge of programming in the ASP.NET environment. Designed for experienced developers, but an average performer in this role should pass this test. This test includes the following topics: .NET Framework, Client-Side Programming, Data Access, Enhanced Runtime Features, Portals, Services and Mobile, Security, Troubleshooting and Optimization, Web Applications, and Web Forms."
https://www.shl.com/products/product-catalog/view/asp-net-4-5/,Job levels,"Mid-Professional, Professional Individual Contributor,"
https://www.shl.com/products/product-catalog/view/asp-net-4-5/,Languages,"English (USA),"
https://www.shl.com/products/product-catalog/view/asp-net-4-5/,Assessment length,Approximate Completion Time in minutes = 30
https://www.shl.com/products/product-catalog/view/asp-net-with-c-new/,Description,"Multi-choice test that measures the knowledge of .NET framework and controls, C# fundamentals, OOPs concepts and advanced topics such as data access components, state management and security services."
https://www.shl.com/products/product-catalog/view/asp-net-with-c-new/,Job levels,"Mid-Professional, Professional Individual Contributor,"
https://www.shl.com/products/product-catalog/view/asp-net-with-c-new/,Languages,"English (USA),"
https://www.shl.com/products/product-catalog/view/asp-net-with-c-new/,Assessment length,Approximate Completion Time in minutes = 13
https://www.shl.com/products/product-catalog/view/apache-spark-new/,Description,"Multi-choice test that measures the knowledge of Apache Spark principles, RDD operations - actions and transformations, lineage graphs and lazy evaluation."
https://www.shl.com/products/product-catalog/view/apache-spark-new/,Job levels,"Mid-Professional, Professional Individual Contributor,"
https://www.shl.com/products/product-catalog/view/apache-spark-new/,Languages,"English (USA),"
https://www.shl.com/products/product-catalog/view/apache-spark-new/,Assessment length,Approximate Completion Time in minutes = 8
https://www.shl.com/products/product-catalog/view/apache-pig-new/,Description,"Multi-choice test that measures the knowledge of Pig architecture, built-in operators, built-in functions and commands in PigLatin."
https://www.shl.com/products/product-catalog/view/apache-pig-new/,Job levels,"Mid-Professional, Professional Individual Contributor,"
https://www.shl.com/products/product-catalog/view/apache-pig-new/,Languages,"English (USA),"
https://www.shl.com/products/product-catalog/view/apache-pig-new/,Assessment length,Approximate Completion Time in minutes = 6
https://www.shl.com/products/product-catalog/view/apache-kafka-new/,Description,"Multi-choice test that measures the knowledge of Apache Kafka architecture, components, clusters, performance tuning and advanced operations."
https://www.shl.com/products/product-catalog/view/apache-kafka-new/,Job levels,"Mid-Professional, Professional Individual Contributor,"
https://www.shl.com/products/product-catalog/view/apache-kafka-new/,Languages,"English (USA),"
https://www.shl.com/products/product-catalog/view/apache-kafka-new/,Assessment length,Approximate Completion Time in minutes = 6
https://www.shl.com/products/product-catalog/view/apache-hive-new/,Description,"Multi-choice test that measures the knowledge of Hive architecture, datatypes, built-in functions, configurations, partitioning, bucketing and commands of Hive query language."
https://www.shl.com/products/product-catalog/view/apache-hive-new/,Job levels,"Mid-Professional, Professional Individual Contributor,"
https://www.shl.com/products/product-catalog/view/apache-hive-new/,Languages,"English (USA),"
https://www.shl.com/products/product-catalog/view/apache-hive-new/,Assessment length,Approximate Completion Time in minutes = 5
https://www.shl.com/products/product-catalog/view/apache-hbase-new/,Description,"Multi-choice test that measures the knowledge of HBase concepts such as CAP theorem, ACID properties, HBase client API, MapReduce integration, configuration and administration."
https://www.shl.com/products/product-catalog/view/apache-hbase-new/,Job levels,"Mid-Professional, Professional Individual Contributor,"
https://www.shl.com/products/product-catalog/view/apache-hbase-new/,Languages,"English (USA),"
https://www.shl.com/products/product-catalog/view/apache-hbase-new/,Assessment length,Approximate Completion Time in minutes = 5
https://www.shl.com/products/product-catalog/view/apache-hadoop-extensions-new/,Description,"Multi-choice test that measures the conceptual knowledge of Pig, Hive and HBase."
https://www.shl.com/products/product-catalog/view/apache-hadoop-extensions-new/,Job levels,"Mid-Professional, Professional Individual Contributor,"
https://www.shl.com/products/product-catalog/view/apache-hadoop-extensions-new/,Languages,"English (USA),"
https://www.shl.com/products/product-catalog/view/apache-hadoop-extensions-new/,Assessment length,Approximate Completion Time in minutes = 9
https://www.shl.com/products/product-catalog/view/biotech-lab-techniques-new/,Description,"Multi-choice test that measures the knowledge of biophysical techniques, bio-processing and separation techniques like chromatography and electrophoresis."
https://www.shl.com/products/product-catalog/view/biotech-lab-techniques-new/,Job levels,"Graduate, Professional Individual Contributor, Mid-Professional,"
https://www.shl.com/products/product-catalog/view/biotech-lab-techniques-new/,Languages,"English (USA),"
https://www.shl.com/products/product-catalog/view/biotech-lab-techniques-new/,Assessment length,Approximate Completion Time in minutes = 5
https://www.shl.com/products/product-catalog/view/biochemistry-new/,Description,"Multi-choice test that measures the knowledge of various bio-molecules like amino acids, proteins, enzymes, carbohydrates, vitamins and nucleic acids, and concepts of bioenergetics and metabolism."
https://www.shl.com/products/product-catalog/view/biochemistry-new/,Job levels,"Graduate, Mid-Professional, Professional Individual Contributor,"
https://www.shl.com/products/product-catalog/view/biochemistry-new/,Languages,"English (USA),"
https://www.shl.com/products/product-catalog/view/biochemistry-new/,Assessment length,Approximate Completion Time in minutes = 8
https://www.shl.com/products/product-catalog/view/basic-statistics-new/,Description,"Multi-choice test that measures the knowledge of statistical methods, exploratory analysis, basics of probability, standard distributions and statistical testing."
https://www.shl.com/products/product-catalog/view/basic-statistics-new/,Job levels,"Graduate, Mid-Professional, Professional Individual Contributor,"
https://www.shl.com/products/product-catalog/view/basic-statistics-new/,Languages,"English (USA),"
https://www.shl.com/products/product-catalog/view/basic-statistics-new/,Assessment length,Approximate Completion Time in minutes = 10
https://www.shl.com/products/product-catalog/view/basic-computer-literacy-windows-10-new/,Description,"The Basic Computer Literacy (Windows 10) simulation measures knowledge of general computer terminology, processes, and applications and the ability to perform certain operations in a simulated environment resembling the actual application. This simulation consists of both multiple choice and simulation-based questions, and includes the following topics: Application Software, Computer Terms, Internet and Email, Managing Files, Operating System, and Parts of the Computer."
https://www.shl.com/products/product-catalog/view/basic-computer-literacy-windows-10-new/,Job levels,"Entry-Level,"
https://www.shl.com/products/product-catalog/view/basic-computer-literacy-windows-10-new/,Languages,"English (USA),"
https://www.shl.com/products/product-catalog/view/basic-computer-literacy-windows-10-new/,Assessment length,Approximate Completion Time in minutes = 30
https://www.shl.com/products/product-catalog/view/basic-biology-new/,Description,Multi choice test that measures the candidate's basic understanding of Biology.
https://www.shl.com/products/product-catalog/view/basic-biology-new/,Job levels,"Professional Individual Contributor, Graduate, Mid-Professional,"
https://www.shl.com/products/product-catalog/view/basic-biology-new/,Languages,"English (USA),"
https://www.shl.com/products/product-catalog/view/basic-biology-new/,Assessment length,Approximate Completion Time in minutes = 6
https://www.shl.com/products/product-catalog/view/automotive-engineering-new/,Description,"Multi-choice test that measures the knowledge of auto engine classification, engine fuel system, auto-vehicle technology, maintenance, inspection and troubleshooting."
https://www.shl.com/products/product-catalog/view/automotive-engineering-new/,Job levels,"Graduate, Mid-Professional, Professional Individual Contributor,"
https://www.shl.com/products/product-catalog/view/automotive-engineering-new/,Languages,"English (USA),"
https://www.shl.com/products/product-catalog/view/automotive-engineering-new/,Assessment length,Approximate Completion Time in minutes = 13
https://www.shl.com/products/product-catalog/view/automation-anywhere-rpa-development-new/,Description,"Multi-choice test that measures the knowledge of Automation Anywhere dash board and task editor, control room, key commands, bots and Automation Anywhere client."
https://www.shl.com/products/product-catalog/view/automation-anywhere-rpa-development-new/,Job levels,"Mid-Professional, Professional Individual Contributor,"
https://www.shl.com/products/product-catalog/view/automation-anywhere-rpa-development-new/,Languages,"English (USA),"
https://www.shl.com/products/product-catalog/view/automation-anywhere-rpa-development-new/,Assessment length,Approximate Completion Time in minutes = 8
https://www.shl.com/products/product-catalog/view/automata-selenium/,Description,A coding simulation assessment that evaluates the ability to conduct tasks related to automation testing using Selenium scripts.
https://www.shl.com/products/product-catalog/view/automata-selenium/,Job levels,"Entry-Level, Graduate, Manager, Mid-Professional, Professional Individual Contributor,"
https://www.shl.com/products/product-catalog/view/automata-selenium/,Languages,"English (USA),"
https://www.shl.com/products/product-catalog/view/automata-selenium/,Assessment length,Approximate Completion Time in minutes = 60
https://www.shl.com/products/product-catalog/view/automata-pro-new/,Description,"An AI-powered coding simulation assessment that evaluates candidate’s programming ability. Offers a familiar IDE environment available in over 40 different programming languages and tests candidates using real-world coding problems. 

 

Your use of this assessment product may be subject to New York City Law 144 (Regulation of the Use of Automated Employment Decision Tools) (dated July 5, 2023). Compliance with Law 144 is your responsibility.
Read more on https://www.shl.com/legal/shl-us-regulatory-compliance/"
https://www.shl.com/products/product-catalog/view/automata-pro-new/,Job levels,"Mid-Professional, Professional Individual Contributor,"
https://www.shl.com/products/product-catalog/view/automata-pro-new/,Languages,"English (USA),"
https://www.shl.com/products/product-catalog/view/automata-pro-new/,Assessment length,Approximate Completion Time in minutes = max 60
https://www.shl.com/products/product-catalog/view/automata-front-end/,Description,"Simulation based test that measures the front-end development capabilities using HTML, CSS, and
JavaScript. The candidate is provided with 3 different sections to code in HTML, CSS and JavaScript respectively and a separate output section to view the output. This simulation is then manually scored."
https://www.shl.com/products/product-catalog/view/automata-front-end/,Job levels,"Entry-Level, Graduate, Mid-Professional, Professional Individual Contributor, Manager,"
https://www.shl.com/products/product-catalog/view/automata-front-end/,Languages,"English (USA),"
https://www.shl.com/products/product-catalog/view/automata-front-end/,Assessment length,Approximate Completion Time in minutes = 30 minutes
https://www.shl.com/products/product-catalog/view/automata-data-science-pro-new/,Description,A simulated test that measures the ability to analyze and modify data using machine learning algorithms to obtain desirable results.
https://www.shl.com/products/product-catalog/view/automata-data-science-pro-new/,Job levels,"Professional Individual Contributor, Mid-Professional,"
https://www.shl.com/products/product-catalog/view/automata-data-science-pro-new/,Languages,"English (USA),"
https://www.shl.com/products/product-catalog/view/automata-data-science-pro-new/,Assessment length,Approximate Completion Time in minutes = max 60
https://www.shl.com/products/product-catalog/view/automata-data-science-new/,Description,A simulated test that measures the ability to analyze and modify data using machine learning algorithms to obtain desirable results.
https://www.shl.com/products/product-catalog/view/automata-data-science-new/,Job levels,"Mid-Professional, Professional Individual Contributor,"
https://www.shl.com/products/product-catalog/view/automata-data-science-new/,Languages,"English (USA),"
https://www.shl.com/products/product-catalog/view/automata-data-science-new/,Assessment length,Approximate Completion Time in minutes = max 60
https://www.shl.com/products/product-catalog/view/cloud-computing-new/,Description,"Multi-choice test that measures the knowledge of cloud computing concepts, cloud service models, virtualization and private clouds."
https://www.shl.com/products/product-catalog/view/cloud-computing-new/,Job levels,"Mid-Professional, Professional Individual Contributor,"
https://www.shl.com/products/product-catalog/view/cloud-computing-new/,Languages,"English (USA),"
https://www.shl.com/products/product-catalog/view/cloud-computing-new/,Assessment length,Approximate Completion Time in minutes = 8
https://www.shl.com/products/product-catalog/view/civil-engineering-new/,Description,"Multi-choice test that measures the knowledge of structural engineering, transportation engineering, surveying, geotechnical engineering and water resources engineering."
https://www.shl.com/products/product-catalog/view/civil-engineering-new/,Job levels,"Graduate, Manager, Mid-Professional, Professional Individual Contributor, Supervisor,"
https://www.shl.com/products/product-catalog/view/civil-engineering-new/,Languages,"English (USA),"
https://www.shl.com/products/product-catalog/view/civil-engineering-new/,Assessment length,Approximate Completion Time in minutes = 10
https://www.shl.com/products/product-catalog/view/cisco-appdynamics-new/,Description,"Multi-choice test that measures the knowledge of application analytics, performance management, and AppDynamics essentials like controller UI, custom dashboard, reports and monitoring."
https://www.shl.com/products/product-catalog/view/cisco-appdynamics-new/,Job levels,"Mid-Professional, Professional Individual Contributor,"
https://www.shl.com/products/product-catalog/view/cisco-appdynamics-new/,Languages,"English (USA),"
https://www.shl.com/products/product-catalog/view/cisco-appdynamics-new/,Assessment length,Approximate Completion Time in minutes = 9
https://www.shl.com/products/product-catalog/view/chemical-engineering-new/,Description,"Multi-choice test that measures the conceptual knowledge of transport phenomena, chemical process engineering and technology, chemical process principles, stoichiometry and process calculations."
https://www.shl.com/products/product-catalog/view/chemical-engineering-new/,Job levels,"Graduate, Mid-Professional, Professional Individual Contributor,"
https://www.shl.com/products/product-catalog/view/chemical-engineering-new/,Languages,"English (USA),"
https://www.shl.com/products/product-catalog/view/chemical-engineering-new/,Assessment length,Approximate Completion Time in minutes = 13
https://www.shl.com/products/product-catalog/view/ceramic-engineering-new/,Description,"Multi-choice test that measures the knowledge of classification of ceramic materials, production of ceramics and thermodynamics."
https://www.shl.com/products/product-catalog/view/ceramic-engineering-new/,Job levels,"Graduate, Mid-Professional, Professional Individual Contributor,"
https://www.shl.com/products/product-catalog/view/ceramic-engineering-new/,Languages,"English (USA),"
https://www.shl.com/products/product-catalog/view/ceramic-engineering-new/,Assessment length,Approximate Completion Time in minutes = 12
https://www.shl.com/products/product-catalog/view/cardiology-and-diabetes-management-new/,Description,"Multi-choice test that measures the knowledge of how to control and manage cardiovascular diseases and diabetes, and understanding of the diagnostic tests used for them."
https://www.shl.com/products/product-catalog/view/cardiology-and-diabetes-management-new/,Job levels,"Graduate, Mid-Professional, Professional Individual Contributor,"
https://www.shl.com/products/product-catalog/view/cardiology-and-diabetes-management-new/,Languages,"English (USA),"
https://www.shl.com/products/product-catalog/view/cardiology-and-diabetes-management-new/,Assessment length,Approximate Completion Time in minutes = 4
https://www.shl.com/products/product-catalog/view/c-programming-new-4122/,Description,Multi-choice test that measures the knowledge of programming in the C++ language and the ability to use the C++ standard library to write code.
https://www.shl.com/products/product-catalog/view/c-programming-new-4122/,Job levels,"Mid-Professional, Professional Individual Contributor,"
https://www.shl.com/products/product-catalog/view/c-programming-new-4122/,Languages,"English (USA),"
https://www.shl.com/products/product-catalog/view/c-programming-new-4122/,Assessment length,Approximate Completion Time in minutes = 10
https://www.shl.com/products/product-catalog/view/c-programming-new-4039/,Description,"Multi-choice test that measures the knowledge of C# programming structure, functions, collections, enumeration, exception handling, OOPs constructs, inheritance, event handling and operator overloading."
https://www.shl.com/products/product-catalog/view/c-programming-new-4039/,Job levels,"Mid-Professional, Professional Individual Contributor,"
https://www.shl.com/products/product-catalog/view/c-programming-new-4039/,Languages,"English (USA),"
https://www.shl.com/products/product-catalog/view/c-programming-new-4039/,Assessment length,Approximate Completion Time in minutes = 9
https://www.shl.com/products/product-catalog/view/c-programming-new/,Description,"Multi-choice test that measures the knowledge of C programming basics, functions, arrays, composed data types, and advanced C concepts like SLF, file handling and dynamic memory."
https://www.shl.com/products/product-catalog/view/c-programming-new/,Job levels,"Mid-Professional, Professional Individual Contributor,"
https://www.shl.com/products/product-catalog/view/c-programming-new/,Languages,"English (USA),"
https://www.shl.com/products/product-catalog/view/c-programming-new/,Assessment length,Approximate Completion Time in minutes = 10
https://www.shl.com/products/product-catalog/view/business-communications/,Description,"This test measures the candidate's knowledge of communicating in the workplace.  It measures the skills necessary to communicate effectively with coworkers at all levels and with external business contacts. Designed for the average business worker, this test includes the following topics: Electronic Communication, Employment Communication, Listening, Meetings, Nonverbal Communication, Verbal Communication, and Written Communication. This version of the test is not adaptive."
https://www.shl.com/products/product-catalog/view/business-communications/,Languages,"English (USA),"
https://www.shl.com/products/product-catalog/view/business-communications/,Assessment length,Approximate Completion Time in minutes = 35
https://www.shl.com/products/product-catalog/view/business-communication-adaptive/,Description,"This is an adaptive test that measures knowledge of communicating in the workplace. It measures the skills necessary to communicate effectively with coworkers at all levels and with external business contacts. Designed for the average business worker, this test includes the following topics: Electronic Communication, Employment Communication, Listening, Meetings, Nonverbal Communication, Verbal Communication, and Written Communication."
https://www.shl.com/products/product-catalog/view/business-communication-adaptive/,Job levels,"Entry-Level, Front Line Manager, Manager, Mid-Professional, Professional Individual Contributor,"
https://www.shl.com/products/product-catalog/view/business-communication-adaptive/,Languages,"English (USA),"
https://www.shl.com/products/product-catalog/view/business-communication-adaptive/,Assessment length,Approximate Completion Time in minutes = 24
https://www.shl.com/products/product-catalog/view/biztalk-new/,Description,"Multi-choice test that measures the knowledge of BizTalk architecture, pipelines, adapters, business process techniques and BizTalk administration."
https://www.shl.com/products/product-catalog/view/biztalk-new/,Job levels,"Mid-Professional, Professional Individual Contributor,"
https://www.shl.com/products/product-catalog/view/biztalk-new/,Languages,"English (USA),"
https://www.shl.com/products/product-catalog/view/biztalk-new/,Assessment length,Approximate Completion Time in minutes = 16
https://www.shl.com/products/product-catalog/view/cyber-risk-new/,Description,"Multi-choice test that measures the knowledge of cyber risk management, system and application security, network security and security management."
https://www.shl.com/products/product-catalog/view/cyber-risk-new/,Job levels,"Manager, Mid-Professional, Professional Individual Contributor, Supervisor,"
https://www.shl.com/products/product-catalog/view/cyber-risk-new/,Languages,"English (USA),"
https://www.shl.com/products/product-catalog/view/cyber-risk-new/,Assessment length,Approximate Completion Time in minutes = 9
https://www.shl.com/products/product-catalog/view/customer-service-phone-solution/,Description,"As part of Contact Center Simulations, the Customer Service Phone Solution includes a contact center simulation and two behavioral tests designed to measure a wide range of skills, competencies, and behavioral tendencies relevant for contact center jobs. The Contact Center Simulation provides an opportunity for candidates to interact with simulated customers in a contact center environment. Designed to measure a candidate’s ability to listen attentively to the customer, take ownership of customer issues, resolve issues, navigate to find information, and enter information accurately, the Contact Center Simulation is intended to measure how a candidate will respond in a variety of customer situations and assess the candidate’s computer skills in a contact center setting. The behavioral tests in this solution are intended to measure the candidate’s learning potential and the tendency to meet goals and work hard, even when faced with obstacles. Collectively, the assessments in this solution measure a wide range of important skills, abilities, and behaviors for entry-level contact center roles.

""Please note that for Simplified Chinese version the audio is available in both Mandarin and Cantonese."""
https://www.shl.com/products/product-catalog/view/customer-service-phone-solution/,Job levels,"Entry-Level,"
https://www.shl.com/products/product-catalog/view/customer-service-phone-solution/,Languages,"French (Canada), Italian, French, Dutch, Spanish, Portuguese (Brazil), Chinese Simplified, English (Australia), Latin American Spanish, English (USA), English International,"
https://www.shl.com/products/product-catalog/view/customer-service-phone-solution/,Assessment length,Approximate Completion Time in minutes = 30
https://www.shl.com/products/product-catalog/view/customer-service-phone-simulation/,Description,"As part of Contact Center Simulations, the Customer Service Phone Simulation is designed for entry-level positions in a contact center environment. Sample tasks for these jobs include: verify the customer or account; take ownership of customer issues; interact with customers to provide information; respond positively to difficult, irate, or confused customers; listen attentively to callers; resolve calls in a timely manner; navigate within multiple information menus to view customer account details and process information; and type information quickly and accurately. Potential job titles that use this solution are: Call Center Representative, Contact Center Representative, Contact Center Agent, Customer Service Agent, Customer Service Representative, and Customer Advocate.

""Please note that for Simplified Chinese version the audio is available in both Mandarin and Cantonese."""
https://www.shl.com/products/product-catalog/view/customer-service-phone-simulation/,Job levels,"Entry-Level,"
https://www.shl.com/products/product-catalog/view/customer-service-phone-simulation/,Languages,"French (Canada), Portuguese (Brazil), Dutch, Italian, Spanish, French, Latin American Spanish, Chinese Simplified, English (Australia), English International, English (USA),"
https://www.shl.com/products/product-catalog/view/customer-service-phone-simulation/,Assessment length,Approximate Completion Time in minutes = 20
https://www.shl.com/products/product-catalog/view/culinary-skills-new/,Description,"Multi-choice test that measures the knowledge of cooking principles, cooking equipment, meal preparation and presentation, and kitchen safety."
https://www.shl.com/products/product-catalog/view/culinary-skills-new/,Job levels,"Graduate, Manager, Mid-Professional, Professional Individual Contributor, Supervisor,"
https://www.shl.com/products/product-catalog/view/culinary-skills-new/,Languages,"English (USA),"
https://www.shl.com/products/product-catalog/view/culinary-skills-new/,Assessment length,Approximate Completion Time in minutes = 7
https://www.shl.com/products/product-catalog/view/css3-new/,Description,Multi-choice test that measures the knowledge of CSS3 and its application in providing style to web documents.
https://www.shl.com/products/product-catalog/view/css3-new/,Job levels,"Mid-Professional, Professional Individual Contributor,"
https://www.shl.com/products/product-catalog/view/css3-new/,Languages,"English (USA),"
https://www.shl.com/products/product-catalog/view/css3-new/,Assessment length,Approximate Completion Time in minutes = 8
https://www.shl.com/products/product-catalog/view/count-out-the-money/,Description,The Count out the Money –US test measures a candidate’s money handling ability. This test is designed for entry-level positions where handling money is required on a regular basis.
https://www.shl.com/products/product-catalog/view/count-out-the-money/,Job levels,"Entry-Level,"
https://www.shl.com/products/product-catalog/view/count-out-the-money/,Languages,"English (USA), English (Australia), English (Canada), English International, English (South Africa),"
https://www.shl.com/products/product-catalog/view/count-out-the-money/,Assessment length,Approximate Completion Time in minutes = 5
https://www.shl.com/products/product-catalog/view/core-java-entry-level-new/,Description,"Multi-choice test that measures the knowledge of basic Java constructs, OOP concepts, file handling, exception handling, threads, generic class and inner class."
https://www.shl.com/products/product-catalog/view/core-java-entry-level-new/,Job levels,"Mid-Professional, Professional Individual Contributor,"
https://www.shl.com/products/product-catalog/view/core-java-entry-level-new/,Languages,"English (USA),"
https://www.shl.com/products/product-catalog/view/core-java-entry-level-new/,Assessment length,Approximate Completion Time in minutes = 13
https://www.shl.com/products/product-catalog/view/core-java-advanced-level-new/,Description,"Multi-choice test that measures the knowledge of basic Java constructs, OOP concepts, files and exception handling, and advanced Java concepts like generics, collections, threads, strings and concurrency."
https://www.shl.com/products/product-catalog/view/core-java-advanced-level-new/,Job levels,"Mid-Professional, Professional Individual Contributor,"
https://www.shl.com/products/product-catalog/view/core-java-advanced-level-new/,Languages,"English (USA),"
https://www.shl.com/products/product-catalog/view/core-java-advanced-level-new/,Assessment length,Approximate Completion Time in minutes = 13
https://www.shl.com/products/product-catalog/view/conversational-multichat-simulation/,Description,"This is a simulation-based test that measures the ability to handle customer concerns over multiple chats by referring to standard process documents. It provides an open-ended chat environment that assesses the candidate’s skills in a real job setting. Candidates are scored based on whether they resolved the customer’s query, the amount of time taken, and the correct use of vocabulary and grammar in their response."
https://www.shl.com/products/product-catalog/view/conversational-multichat-simulation/,Languages,"English (USA),"
https://www.shl.com/products/product-catalog/view/conversational-multichat-simulation/,Assessment length,Approximate Completion Time in minutes = 11
https://www.shl.com/products/product-catalog/view/contact-center-call-simulation-new/,Description,Simulation based test that measures the ability to handle customer concerns over a call by referring to standard process documents. It also measures typing and documentation skills.
https://www.shl.com/products/product-catalog/view/contact-center-call-simulation-new/,Job levels,"Entry-Level,"
https://www.shl.com/products/product-catalog/view/contact-center-call-simulation-new/,Languages,"English (USA),"
https://www.shl.com/products/product-catalog/view/contact-center-call-simulation-new/,Assessment length,Approximate Completion Time in minutes = 15
https://www.shl.com/products/product-catalog/view/computer-science-new/,Description,"Multi-choice test that measures the knowledge of operating system, computer architecture, DBMS and basics of computer networks and communication."
https://www.shl.com/products/product-catalog/view/computer-science-new/,Job levels,"Mid-Professional, Professional Individual Contributor,"
https://www.shl.com/products/product-catalog/view/computer-science-new/,Languages,"English (USA),"
https://www.shl.com/products/product-catalog/view/computer-science-new/,Assessment length,Approximate Completion Time in minutes = 12
https://www.shl.com/products/product-catalog/view/cobol-programming-new/,Description,"Multi-choice test that measures the knowledge of COBOL programming fundamentals, programming structure and different types of application processing."
https://www.shl.com/products/product-catalog/view/cobol-programming-new/,Job levels,"Mid-Professional, Professional Individual Contributor,"
https://www.shl.com/products/product-catalog/view/cobol-programming-new/,Languages,"English (USA),"
https://www.shl.com/products/product-catalog/view/cobol-programming-new/,Assessment length,Approximate Completion Time in minutes = 10
https://www.shl.com/products/product-catalog/view/nurse-solution/,Description,"The Nurse solution is for professional-level healthcare nursing positions that require licensing or registration.  Sample tasks for these jobs include, but are not limited to: assessing the health conditions of patients, documenting patients' medical information, creating a nursing care plan, and educating patients' about healthcare issues.  Potential job titles that use this solution are: Registered Nurse, Charge Nurse, Licensed Practical Nurse, and Clinic Nurse.  Multiple configurations of this solution are available."
https://www.shl.com/products/product-catalog/view/nurse-solution/,Job levels,"Professional Individual Contributor,"
https://www.shl.com/products/product-catalog/view/nurse-solution/,Languages,"English (USA),"
https://www.shl.com/products/product-catalog/view/nurse-solution/,Assessment length,Approximate Completion Time in minutes = 66
https://www.shl.com/products/product-catalog/view/nurse-leader-solution/,Description,"The Nurse Leader solution is an assessment used for job candidates applying to entry-level nurse leadership positions who tend to supervise hourly employees.  Sample tasks for these jobs include, but are not limited to: planning and preparing work schedules; assigning nurses to specific duties; coaching nurses on attendance, conduct, schedule adherence, and work related tasks; developing nurses' skills; training subordinates; prioritizing multiple tasks and priorities; and making day-to-day decisions with minimal guidance from others in a healthcare setting. Potential job titles that use this solution are: Nurse Leader or Nurse Manager. There are multiple configurations and versions of this solution available."
https://www.shl.com/products/product-catalog/view/nurse-leader-solution/,Job levels,"Front Line Manager, Manager, Supervisor,"
https://www.shl.com/products/product-catalog/view/nurse-leader-solution/,Languages,"English (USA),"
https://www.shl.com/products/product-catalog/view/nurse-leader-solution/,Assessment length,Approximate Completion Time in minutes = 59
https://www.shl.com/products/product-catalog/view/network-engineeranalyst-solution/,Description,"The Network Engineer/Analyst solution is designed for use with professional level telecommunications engineers and network analysts. The solution is focused on positions that involve the design and monitoring of complex telecommunications networks, and places an emphasis on reasoning ability, attention to detail, and multitasking. Sample tasks may include: designing networks or network elements, ensuring proper network operation and performance, and monitoring and troubleshooting electronic data and communication networks. Potential job titles that use this solution are: Network Engineer, Network Analyst, and Communications Engineer. There are multiple configurations of this solution available."
https://www.shl.com/products/product-catalog/view/network-engineeranalyst-solution/,Job levels,"Professional Individual Contributor,"
https://www.shl.com/products/product-catalog/view/network-engineeranalyst-solution/,Languages,"English (USA),"
https://www.shl.com/products/product-catalog/view/network-engineeranalyst-solution/,Assessment length,Approximate Completion Time in minutes = 41
https://www.shl.com/products/product-catalog/view/manufacturing-skilled-maintenance-worker/,Description,"The Manufacturing Skilled Maintenance solution is designed for entry-level positions to measure the behaviors and experiences that underlie successful and safe performance in the workplace. This solution measures a candidate’s mechanical comprehension abilities and general tendency to behave safely and efficiently in the workplace. This solution uses a variety of assessment types including measures of personality traits, safety-related situational judgment, and mechanical comprehension. The Manufacturing Skilled Maintenance solution is designed for selection to job titles, such as: Industrial Machinery Mechanic, Automotive Service Technician, Small Engine Mechanic, Mobile Equipment Service Technician, and Diesel Service Technician."
https://www.shl.com/products/product-catalog/view/manufacturing-skilled-maintenance-worker/,Job levels,"Entry-Level,"
https://www.shl.com/products/product-catalog/view/manufacturing-skilled-maintenance-worker/,Languages,"English (USA),"
https://www.shl.com/products/product-catalog/view/manufacturing-skilled-maintenance-worker/,Assessment length,Approximate Completion Time in minutes = 45
https://www.shl.com/products/product-catalog/view/manufacturing-production-team-member/,Description,"The Manufacturing Production Team Member solution is designed for entry-level positions to measure the behaviors and experiences that underlie successful and safe performance in the workplace for production workers. This solution measures a candidate’s error checking abilities and general tendency to behave safely and efficiently in the workplace. The solution uses a variety of assessment types including measures of personality traits, safety-related situational judgment, and error checking. The Manufacturing Production Team Member solution is designed for selection to job titles, such as: Production Worker, Material Handler, Driver, Forklift Operator, Crewman, Mechanic, and Receiver."
https://www.shl.com/products/product-catalog/view/manufacturing-production-team-member/,Job levels,"Entry-Level,"
https://www.shl.com/products/product-catalog/view/manufacturing-production-team-member/,Languages,"English (USA),"
https://www.shl.com/products/product-catalog/view/manufacturing-production-team-member/,Assessment length,Approximate Completion Time in minutes = 35
https://www.shl.com/products/product-catalog/view/manager-8-0-jfa-4310/,Description,"The Manager 8.0+ Job-Focused Assessment is designed for candidates applying to their first leadership positions and includes SHL’s new innovative mobile-first ability assessment, Verify Interactive – Inductive Reasoning. It measures behaviors that underlie successful performance in first-line manager roles across a wide range of industries. It is most relevant to positions that supervise salaried employees. This JFA includes the Reskilling Potential Scale and the Management Potential Scale. •The Reskilling Potential scale measures tendency to learn from experiences in a way that supports professional success. •The Management Potential scale measures the potential for managerial success across industry type and functional area."
https://www.shl.com/products/product-catalog/view/manager-8-0-jfa-4310/,Job levels,"Manager,"
https://www.shl.com/products/product-catalog/view/manager-8-0-jfa-4310/,Languages,"English (USA), English International,"
https://www.shl.com/products/product-catalog/view/manager-8-0-jfa-4310/,Assessment length,Approximate Completion Time in minutes = 44
https://www.shl.com/products/product-catalog/view/manager-8-0-jfa/,Description,The Manager 8.0 Job-Focused Assessment is designed for candidates applying to their first leadership positions. It measures behaviors that underlie successful performance in first-line manager roles across a wide range of industries. It is most relevant to positions that supervise salaried employees. This JFA includes the Reskilling Potential Scale and the Management Potential Scale. •The Reskilling Potential scale measures tendency to learn from experiences in a way that supports professional success. •The Management Potential scale measures the potential for managerial success across industry type and functional area.
https://www.shl.com/products/product-catalog/view/manager-8-0-jfa/,Job levels,"Manager,"
https://www.shl.com/products/product-catalog/view/manager-8-0-jfa/,Languages,"English (USA), English International,"
https://www.shl.com/products/product-catalog/view/manager-8-0-jfa/,Assessment length,Approximate Completion Time in minutes = 26
https://www.shl.com/products/product-catalog/view/manager-7-1-solution/,Description,"Our Manager 7.1 solution is designed for candidates applying to entry-level leadership positions who tend to supervise salaried employees. Sample tasks for these jobs include, but are not limited to: planning projects with subordinates; collaborating with senior managers on developing new methods and procedures; coaching employees on performance-related issues; developing employees ' skills; coordinating activities with other managers to accomplish organizational goals; setting and meeting department goals; prioritizing multiple tasks and priorities; making selected strategic and day-to-day decisions; and solving employees' and customers' problems.
Report Language Availability: English (USA), Danish, Finnish, Canadian French, Italian, Norwegian, French, German, English International,. 
 “IMPORTANT! Please note that you will need to select the correct package depending on which norm you intend to use. The package available for this product is International""."
https://www.shl.com/products/product-catalog/view/manager-7-1-solution/,Job levels,"Director, Executive, Front Line Manager, Manager,"
https://www.shl.com/products/product-catalog/view/manager-7-1-solution/,Languages,"English (USA), English International, French, German, Portuguese (Brazil), Danish, Finnish, Italian, Norwegian, Swedish, Dutch, French (Canada),"
https://www.shl.com/products/product-catalog/view/manager-7-1-solution/,Assessment length,Approximate Completion Time in minutes = 40
https://www.shl.com/products/product-catalog/view/manager-7-1-%28americas%29/,Description,"Our Manager 7.1 solution is designed for candidates applying to entry-level leadership positions who tend to supervise salaried employees. Sample tasks for these jobs include, but are not limited to: planning projects with subordinates; collaborating with senior managers on developing new methods and procedures; coaching employees on performance-related issues; developing employees ' skills; coordinating activities with other managers to accomplish organizational goals; setting and meeting department goals; prioritizing multiple tasks and priorities; making selected strategic and day-to-day decisions; and solving employees' and customers' problems.
Report Language Availability: English (USA), Danish, Finnish, Canadian French, Italian, Norwegian, French, German, English International,. 
 “IMPORTANT! Please note that you will need to select the correct package depending on which norm you intend to use. The package available for this product is International""."
https://www.shl.com/products/product-catalog/view/manager-7-1-%28americas%29/,Job levels,"Executive, Director, Front Line Manager, Manager,"
https://www.shl.com/products/product-catalog/view/manager-7-1-%28americas%29/,Languages,"Portuguese (Brazil), French (Canada),"
https://www.shl.com/products/product-catalog/view/manager-7-1-%28americas%29/,Assessment length,Approximate Completion Time in minutes = 40
https://www.shl.com/products/product-catalog/view/manager-7-0-solution/,Description,"Our Manager 7.0 solution is designed for candidates applying to entry-level leadership positions who tend to supervise salaried employees. Sample tasks for these jobs include, but are not limited to: planning projects with subordinates; collaborating with senior managers on developing new methods and procedures; coaching employees on performance-related issues; developing employees ' skills; coordinating activities with other managers to accomplish organizational goals; setting and meeting department goals; prioritizing multiple tasks and priorities; making selected strategic and day-to-day decisions; and solving employees' and customers' problems.

Report Language Availability: English (USA), Latin American Spanish."
https://www.shl.com/products/product-catalog/view/manager-7-0-solution/,Job levels,"Manager, Front Line Manager,"
https://www.shl.com/products/product-catalog/view/manager-7-0-solution/,Languages,"French (Canada), Latin American Spanish, English International, English (USA),"
https://www.shl.com/products/product-catalog/view/manager-7-0-solution/,Assessment length,Approximate Completion Time in minutes = 35
https://www.shl.com/products/product-catalog/view/manager-7-1-%28international%29/,Description,"Our Manager + 7.1 solution is designed for candidates applying to entry-level leadership positions who tend to supervise salaried employees, and includes SHL’s new innovative mobile-first ability assessment, Verify Interactive – Deductive Reasoning. Sample tasks for these jobs include, but are not limited to: planning projects with subordinates; collaborating with senior managers on developing new methods and procedures; coaching employees on performance-related issues; developing employees ' skills; coordinating activities with other managers to accomplish organizational goals; setting and meeting department goals; prioritizing multiple tasks and priorities; making selected strategic and day-to-day decisions; and solving employees' and customers' problems.

Report Language Availability: English (USA), Canadian French, Brazilian Portuguese, Danish, Dutch, Finnish, Italian, Norwegian, Swedish.
 “IMPORTANT! Please note that you will need to select the correct package depending on which norm you intend to use. The package available for this product is Americas and International""."
https://www.shl.com/products/product-catalog/view/manager-7-1-%28international%29/,Job levels,"Director, Executive, Front Line Manager, Manager,"
https://www.shl.com/products/product-catalog/view/manager-7-1-%28international%29/,Languages,"French (Canada), Dutch, Finnish, Norwegian, Swedish, Portuguese (Brazil), Danish, English (USA), Italian,"
https://www.shl.com/products/product-catalog/view/manager-7-1-%28international%29/,Assessment length,Approximate Completion Time in minutes = 63
https://www.shl.com/products/product-catalog/view/manager-7-1-solution-4242/,Description,"Our Manager + 7.1 solution is designed for candidates applying to entry-level leadership positions who tend to supervise salaried employees, and includes SHL’s new innovative mobile-first ability assessment, Verify Interactive – Deductive Reasoning. Sample tasks for these jobs include, but are not limited to: planning projects with subordinates; collaborating with senior managers on developing new methods and procedures; coaching employees on performance-related issues; developing employees ' skills; coordinating activities with other managers to accomplish organizational goals; setting and meeting department goals; prioritizing multiple tasks and priorities; making selected strategic and day-to-day decisions; and solving employees' and customers' problems.

Report Language Availability: English (USA), Canadian French.
 “IMPORTANT! Please note that you will need to select the correct package depending on which norm you intend to use. The package available for this product is Americas and International""."
https://www.shl.com/products/product-catalog/view/manager-7-1-solution-4242/,Job levels,"Director, Executive, Front Line Manager, Manager,"
https://www.shl.com/products/product-catalog/view/manager-7-1-solution-4242/,Languages,"English (USA), Portuguese (Brazil), Latin American Spanish, French (Canada),"
https://www.shl.com/products/product-catalog/view/manager-7-1-solution-4242/,Assessment length,Approximate Completion Time in minutes = 63
